{"licenses":[{"name":"","id":0,"url":""}],"info":{"contributor":"","date_created":"","description":"","url":"","version":"","year":""},"categories":[{"id":1,"name":"person","supercategory":""},{"id":2,"name":"motorcycle","supercategory":""},{"id":3,"name":"bicycle","supercategory":""},{"id":4,"name":"car","supercategory":""},{"id":5,"name":"truck","supercategory":""},{"id":6,"name":"bus","supercategory":""},{"id":7,"name":"motorcycle rider","supercategory":""},{"id":8,"name":"bicycle rider","supercategory":""}],"images":[{"id":1,"width":640,"height":480,"file_name":"RGB_00009.jpg","license":0,"flickr_url":"","coco_url":"","date_captured":0},{"id":2,"width":640,"height":480,"file_name":"RGB_00055.jpg","license":0,"flickr_url":"","coco_url":"","date_captured":0},{"id":3,"width":640,"height":480,"file_name":"RGB_00060.jpg","license":0,"flickr_url":"","coco_url":"","date_captured":0},{"id":4,"width":640,"height":480,"file_name":"RGB_00105.jpg","license":0,"flickr_url":"","coco_url":"","date_captured":0},{"id":5,"width":640,"height":480,"file_name":"RGB_00131.jpg","license":0,"flickr_url":"","coco_url":"","date_captured":0},{"id":6,"width":640,"height":480,"file_name":"RGB_00215.jpg","license":0,"flickr_url":"","coco_url":"","date_captured":0},{"id":7,"width":640,"height":480,"file_name":"RGB_00274.jpg","license":0,"flickr_url":"","coco_url":"","date_captured":0},{"id":8,"width":640,"height":480,"file_name":"RGB_00296.jpg","license":0,"flickr_url":"","coco_url":"","date_captured":0},{"id":9,"width":640,"height":480,"file_name":"RGB_00319.jpg","license":0,"flickr_url":"","coco_url":"","date_captured":0},{"id":10,"width":640,"height":480,"file_name":"RGB_00380.jpg","license":0,"flickr_url":"","coco_url":"","date_captured":0},{"id":11,"width":624,"height":492,"file_name":"Thermal_00000.jpg","license":0,"flickr_url":"","coco_url":"","date_captured":0},{"id":12,"width":624,"height":492,"file_name":"Thermal_00010.jpg","license":0,"flickr_url":"","coco_url":"","date_captured":0},{"id":13,"width":624,"height":492,"file_name":"Thermal_00015.jpg","license":0,"flickr_url":"","coco_url":"","date_captured":0},{"id":14,"width":624,"height":492,"file_name":"Thermal_00050.jpg","license":0,"flickr_url":"","coco_url":"","date_captured":0},{"id":15,"width":624,"height":492,"file_name":"Thermal_00060.jpg","license":0,"flickr_url":"","coco_url":"","date_captured":0},{"id":16,"width":624,"height":492,"file_name":"Thermal_00365.jpg","license":0,"flickr_url":"","coco_url":"","date_captured":0},{"id":17,"width":624,"height":492,"file_name":"Thermal_00485.jpg","license":0,"flickr_url":"","coco_url":"","date_captured":0},{"id":18,"width":624,"height":492,"file_name":"Thermal_00720.jpg","license":0,"flickr_url":"","coco_url":"","date_captured":0},{"id":19,"width":624,"height":492,"file_name":"Thermal_00735.jpg","license":0,"flickr_url":"","coco_url":"","date_captured":0},{"id":20,"width":624,"height":492,"file_name":"Thermal_00840.jpg","license":0,"flickr_url":"","coco_url":"","date_captured":0},{"id":21,"width":624,"height":492,"file_name":"Thermal_00865.jpg","license":0,"flickr_url":"","coco_url":"","date_captured":0},{"id":22,"width":624,"height":492,"file_name":"Thermal_00875.jpg","license":0,"flickr_url":"","coco_url":"","date_captured":0},{"id":23,"width":624,"height":492,"file_name":"Thermal_00885.jpg","license":0,"flickr_url":"","coco_url":"","date_captured":0},{"id":24,"width":624,"height":492,"file_name":"Thermal_00895.jpg","license":0,"flickr_url":"","coco_url":"","date_captured":0},{"id":25,"width":624,"height":492,"file_name":"Thermal_01080.jpg","license":0,"flickr_url":"","coco_url":"","date_captured":0},{"id":26,"width":624,"height":492,"file_name":"Thermal_01085.jpg","license":0,"flickr_url":"","coco_url":"","date_captured":0},{"id":27,"width":624,"height":492,"file_name":"Thermal_01105.jpg","license":0,"flickr_url":"","coco_url":"","date_captured":0},{"id":28,"width":624,"height":492,"file_name":"Thermal_01120.jpg","license":0,"flickr_url":"","coco_url":"","date_captured":0},{"id":29,"width":624,"height":492,"file_name":"Thermal_01135.jpg","license":0,"flickr_url":"","coco_url":"","date_captured":0},{"id":30,"width":624,"height":492,"file_name":"Thermal_01150.jpg","license":0,"flickr_url":"","coco_url":"","date_captured":0},{"id":31,"width":624,"height":492,"file_name":"Thermal_01160.jpg","license":0,"flickr_url":"","coco_url":"","date_captured":0},{"id":32,"width":624,"height":492,"file_name":"Thermal_01180.jpg","license":0,"flickr_url":"","coco_url":"","date_captured":0},{"id":33,"width":624,"height":492,"file_name":"Thermal_01190.jpg","license":0,"flickr_url":"","coco_url":"","date_captured":0},{"id":34,"width":624,"height":492,"file_name":"Thermal_01200.jpg","license":0,"flickr_url":"","coco_url":"","date_captured":0},{"id":35,"width":624,"height":492,"file_name":"Thermal_01245.jpg","license":0,"flickr_url":"","coco_url":"","date_captured":0},{"id":36,"width":624,"height":492,"file_name":"Thermal_01250.jpg","license":0,"flickr_url":"","coco_url":"","date_captured":0},{"id":37,"width":624,"height":492,"file_name":"Thermal_01260.jpg","license":0,"flickr_url":"","coco_url":"","date_captured":0},{"id":38,"width":624,"height":492,"file_name":"Thermal_01275.jpg","license":0,"flickr_url":"","coco_url":"","date_captured":0},{"id":39,"width":624,"height":492,"file_name":"Thermal_01290.jpg","license":0,"flickr_url":"","coco_url":"","date_captured":0},{"id":40,"width":624,"height":492,"file_name":"Thermal_01300.jpg","license":0,"flickr_url":"","coco_url":"","date_captured":0},{"id":41,"width":624,"height":492,"file_name":"Thermal_01315.jpg","license":0,"flickr_url":"","coco_url":"","date_captured":0},{"id":42,"width":624,"height":492,"file_name":"Thermal_01330.jpg","license":0,"flickr_url":"","coco_url":"","date_captured":0},{"id":43,"width":624,"height":492,"file_name":"Thermal_01345.jpg","license":0,"flickr_url":"","coco_url":"","date_captured":0},{"id":44,"width":624,"height":492,"file_name":"Thermal_01350.jpg","license":0,"flickr_url":"","coco_url":"","date_captured":0},{"id":45,"width":624,"height":492,"file_name":"Thermal_01370.jpg","license":0,"flickr_url":"","coco_url":"","date_captured":0},{"id":46,"width":624,"height":492,"file_name":"Thermal_01380.jpg","license":0,"flickr_url":"","coco_url":"","date_captured":0},{"id":47,"width":624,"height":492,"file_name":"Thermal_01400.jpg","license":0,"flickr_url":"","coco_url":"","date_captured":0},{"id":48,"width":624,"height":492,"file_name":"Thermal_01415.jpg","license":0,"flickr_url":"","coco_url":"","date_captured":0},{"id":49,"width":624,"height":492,"file_name":"Thermal_01440.jpg","license":0,"flickr_url":"","coco_url":"","date_captured":0},{"id":50,"width":624,"height":492,"file_name":"Thermal_01450.jpg","license":0,"flickr_url":"","coco_url":"","date_captured":0}],"annotations":[{"id":1,"image_id":2,"category_id":1,"segmentation":[[214.2,288.41,211.4,268.79,221.91,263.18,228.22,272.99,228.22,287.01,240.83,290.51,246.43,313.63,235.92,321.34,238.73,330.45,249.94,390.01,256.95,411.74,240.13,415.94,234.52,417.34,230.32,371.09,227.51,373.2,231.02,415.94,221.21,413.84,217.7,392.82,209.3,342.36,212.8,325.55,207.89,311.53,192.48,314.34,191.78,306.63,207.19,291.91]],"area":4506.0,"bbox":[191.78,263.18,65.17,154.16],"iscrowd":0,"attributes":{"occluded":false}},{"id":2,"image_id":2,"category_id":1,"segmentation":[[272.36,256.88,272.36,239.36,288.48,235.15,293.38,245.66,289.18,260.38,304.6,268.79,303.19,289.81,291.98,306.63,294.08,325.55,291.28,393.52,277.97,401.23,278.67,375.3,276.57,341.66,272.36,362.69,272.36,395.62,264.65,403.33,257.65,386.51,254.84,335.36,255.54,298.92,249.24,293.31,249.94,268.79,257.65,261.78]],"area":5755.0,"bbox":[249.24,235.15,55.36,168.18],"iscrowd":0,"attributes":{"occluded":false}},{"id":3,"image_id":2,"category_id":1,"segmentation":[[67.05,265.28,74.06,255.47,78.96,266.69,81.76,276.5,79.66,291.91,80.36,319.94,74.06,317.84,71.95,301.02,69.15,308.03,67.75,317.84,62.14,318.54,63.54,289.81,62.14,275.8]],"area":903.0,"bbox":[62.14,255.47,19.62,64.47],"iscrowd":0,"attributes":{"occluded":false}},{"id":4,"image_id":2,"category_id":1,"segmentation":[[320.01,277.2,318.61,263.88,329.12,256.88,335.43,264.58,334.03,280.7,344.54,284.9,354.35,307.33,352.95,332.55,349.44,364.09,351.54,380.9,349.44,395.62,352.95,405.43,341.73,405.43,340.33,392.12,339.63,374.6,338.23,384.41,336.1,413.8,319.3,413.1,328.4,402.6,322.8,362.7,317.2,317.8,310.9,350.8,303.2,349.4,307.4,309.4,313.0,288.4]],"area":4599.0,"bbox":[303.2,256.88,51.15,156.92],"iscrowd":0,"attributes":{"occluded":false}},{"id":5,"image_id":3,"category_id":1,"segmentation":{"counts":[178420,9,467,13,465,15,462,18,458,22,455,25,453,26,450,30,438,1,3,38,434,46,432,48,430,51,428,53,426,66,46,3,364,93,18,6,362,107,3,8,360,120,358,122,345,135,341,139,340,139,341,139,340,140,340,139,340,140,340,140,340,139,341,139,341,139,341,138,342,137,342,137,343,136,344,135,345,134,346,133,347,133,348,131,350,131,350,130,353,2,9,116,366,115,366,114,367,53,1,59,370,48,4,57,373,44,26,37,375,36,38,31,376,32,46,25,377,32,52,19,377,32,60,10,379,30,65,4,385,23,462,15,470,7,103360],"size":[480,640]},"area":4864.0,"bbox":[371.0,269.0,54.0,143.0],"iscrowd":1,"attributes":{"occluded":false}},{"id":6,"image_id":3,"category_id":4,"segmentation":[[3.0,270.0,12.0,271.0,30.0,284.0,48.0,289.0,64.0,303.0,69.0,303.0,91.0,323.0,94.0,323.0,100.0,329.0,110.0,331.0,127.0,348.0,125.0,350.0,130.0,357.0,130.0,362.0,134.0,366.0,135.0,375.0,131.0,400.0,132.0,412.0,129.0,415.0,123.0,416.0,118.0,420.0,104.0,421.0,70.0,431.0,52.0,431.0,26.0,437.0,16.0,434.0,1.0,439.0,1.0,272.0]],"area":16140.0,"bbox":[1.0,270.0,134.0,169.0],"iscrowd":0,"attributes":{"occluded":false}},{"id":7,"image_id":3,"category_id":5,"segmentation":[[546.0,260.0,571.55,260.37,570.0,249.0,574.0,246.0,590.0,247.0,600.0,254.0,617.0,253.0,622.0,264.0,626.0,265.0,626.0,289.0,628.0,291.0,625.0,289.0,609.0,295.0,604.0,290.0,593.0,290.0,586.0,295.0,581.0,294.0,579.0,296.0,575.0,292.0,562.0,293.0,560.0,291.0,552.0,292.0,550.0,290.0,548.0,292.0,544.0,289.0,550.0,286.0,545.0,282.0,544.0,276.0,544.0,270.0,549.0,263.0]],"area":3016.0,"bbox":[544.0,246.0,84.0,50.0],"iscrowd":0,"attributes":{"occluded":false}},{"id":8,"image_id":4,"category_id":1,"segmentation":[[114.7,284.9,112.6,274.39,115.4,265.28,132.92,264.58,135.72,280.0,130.11,288.41,139.92,291.91,151.14,311.53,154.64,347.27,153.24,360.58,145.53,358.48,146.23,345.17,140.62,349.37,149.03,381.61,137.12,403.33,130.11,401.93,135.02,426.45,121.7,431.36,112.6,424.35,113.3,391.42,106.29,377.4,109.79,365.49,100.68,362.69,95.78,322.74,97.88,297.52]],"area":6156.0,"bbox":[95.78,264.58,58.86,166.78],"iscrowd":0,"attributes":{"occluded":false}},{"id":9,"image_id":4,"category_id":4,"segmentation":[[151.1,363.4,158.8,338.9,217.0,325.5,277.27,294.71,329.12,287.01,392.19,289.81,452.45,294.71,539.34,329.05,550.55,360.58,555.46,373.2,552.65,410.34,528.13,418.04,507.11,422.95,479.78,433.46,456.65,427.15,440.54,431.36,438.43,443.97,425.82,455.88,401.3,456.58,382.38,450.98,373.97,436.96,202.29,411.74,182.67,425.05,163.05,422.25,144.8,396.3]],"area":48832.0,"bbox":[144.8,287.01,410.66,169.57],"iscrowd":0,"attributes":{"occluded":false}},{"id":10,"image_id":5,"category_id":1,"segmentation":[[191.0,254.0,196.0,257.0,197.0,261.0,194.0,269.0,202.0,274.0,207.0,284.0,209.0,313.0,202.0,323.0,203.0,339.0,200.0,351.0,203.0,354.0,197.0,347.0,197.0,336.0,193.0,331.0,190.0,336.0,191.0,349.0,194.0,352.0,188.0,358.0,188.0,350.0,183.0,338.0,184.0,331.0,179.0,325.0,180.0,315.0,173.0,311.0,172.0,286.0,174.0,278.0,185.0,269.0,183.0,259.0]],"area":2235.0,"bbox":[172.0,254.0,37.0,104.0],"iscrowd":0,"attributes":{"occluded":false}},{"id":11,"image_id":5,"category_id":1,"segmentation":[[422.0,240.0,421.0,242.0,424.0,248.0,421.0,252.0,423.0,254.0,422.0,256.0,426.0,253.0,431.0,257.0,440.0,294.0,432.0,298.0,434.0,302.0,430.0,307.0,429.0,328.0,431.0,330.0,428.0,333.0,423.0,333.0,422.0,329.0,416.0,335.0,412.0,335.0,410.0,319.0,411.0,306.0,403.0,295.0,404.0,260.0,410.0,258.0,415.0,252.0,413.0,249.0,414.0,242.0,416.0,240.0]],"area":2173.0,"bbox":[403.0,240.0,37.0,95.0],"iscrowd":0,"attributes":{"occluded":false}},{"id":12,"image_id":5,"category_id":1,"segmentation":[[457.0,250.0,460.0,251.0,459.0,257.0,469.0,266.0,472.0,272.0,474.0,288.0,477.0,292.0,477.0,296.0,472.0,301.0,473.0,303.0,468.0,310.0,469.0,318.0,467.0,328.0,469.0,331.0,466.0,334.0,460.0,330.0,456.0,330.0,457.0,319.0,455.0,317.0,453.0,319.0,455.0,317.0,455.0,308.0,451.0,298.0,451.0,285.0,447.0,281.0,449.0,261.0,453.83,261.07,454.0,253.0]],"area":1405.0,"bbox":[447.0,250.0,30.0,84.0],"iscrowd":0,"attributes":{"occluded":false}},{"id":13,"image_id":5,"category_id":4,"segmentation":[[0.0,302.06,24.3,292.61,52.33,287.01,79.66,295.42,102.78,315.74,116.8,326.25,126.61,354.28,127.31,381.61,125.21,394.92,123.81,413.84,115.4,416.64,97.88,412.44,51.63,447.47,45.33,479.71,43.38,480.0,10.2,480.0,6.78,479.71,0.0,479.03]],"area":18227.0,"bbox":[0.0,287.01,127.31,192.99],"iscrowd":0,"attributes":{"occluded":false}},{"id":14,"image_id":6,"category_id":1,"segmentation":[[571.57,261.78,570.87,252.67,577.18,244.96,584.89,253.37,585.59,263.88,593.3,269.49,601.0,289.11,594.7,311.53,583.49,359.88,568.07,358.48,570.87,315.04,567.37,313.63,563.87,291.21,563.87,273.69,566.67,263.88]],"area":2677.0,"bbox":[563.87,244.96,37.13,114.92],"iscrowd":0,"attributes":{"occluded":false}},{"id":15,"image_id":6,"category_id":1,"segmentation":[[558.96,249.87,556.16,241.46,558.26,232.35,568.77,229.55,574.38,240.76,569.47,248.47,570.17,257.58,563.87,270.19,565.27,313.63,569.47,321.34,565.97,356.38,551.25,354.98,558.96,345.17,551.95,308.73,546.35,305.23,547.75,280.7,552.65,261.78]],"area":1757.0,"bbox":[546.35,229.55,28.03,126.83],"iscrowd":0,"attributes":{"occluded":false}}]}